Keyword,Intent,Volume,Keyword Difficulty,CPC (USD),SERP Features
nifty50 tradingview,Navigational,18100,53,0.23,"Sitelinks, Video, Related searches"
nifty50 chart,Informational,6600,60,0.13,"Sitelinks, Instant answer, Video, Knowledge panel, Related searches"
nifty50 live,"Informational, Commercial",2400,67,0.20,"Sitelinks, Video, Related searches"
nifty50 trading view chart,Informational,1300,62,0.00,"Sitelinks, Image pack, Video, Related searches"
nifty50 value,Informational,590,58,0.12,"Instant answer, Video, Knowledge panel, Related searches"
nifty50 losing streak,Commercial,480,35,0.59,"Image pack, Video, People also ask, Related searches"
sbi nifty50 equal weight index fund,"Informational, Commercial",320,17,0.21,"Video, People also ask, Related searches"
www nifty50,"Informational, Commercial",260,66,0.18,"Sitelinks, Video, Related searches"
sbi nifty50 equal weight index,Informational,210,17,0.11,"Image pack, Video, People also ask, Related searches"
nifty50 futures,"Informational, Commercial",170,40,0.00,"Sitelinks, Image pack, Video, Related searches"
nifty50 option chain,"Informational, Transactional",140,29,0.48,"Sitelinks, Video, Related searches"
nifty50 twitter,"Navigational, Transactional",140,25,0.00,"Video, Related searches"
sbi nifty50 equal weight index fund nfo,"Informational, Commercial",140,19,0.18,"AI Overview, Video, People also ask, Related searches"
nifty50 usd,"Informational, Commercial",110,21,0.00,"Image pack, Video, People also ask, Related searches"
what is nifty50 index,Informational,110,53,0.08,"Sitelinks, Instant answer, Video, People also ask, Knowledge panel, Related searches"
nifty50 company list,,50,,0.01,
today nifty50 target,,40,,0.00,
etf nifty50,,30,,0.00,
nifty50 constituents,,20,,0.00,
nifty50 in,,20,,0.00,
nifty50 pr 2x leverage,,20,,0.00,
www nifty50 com,,20,,0.00,
moneycontrol nifty50,,10,,0.00,
nifty50 share price history,,10,,0.00,
nifty50 vix,,10,,0.00,
www investing com nifty50,,10,,0.00,
yahoo finance nifty50,,10,,0.00,
1 7 2019 nifty50 closing price,,0,,0.00,
18 dec loser nifty50,,0,,0.00,
30 days average moving price of nifty50,,0,,0.00,
3days continuous falling stock in nifty50,,0,,0.00,
4shared.com intraday data nifty50 stocks,,0,,0.00,
4shared.com intraday data nifty50 stocks 2016,,0,,0.00,
a company in nifty50 which enough volume in option segment,,0,,0.00,
about nifty50 index,,0,,0.00,
adani vs nifty50,,0,,0.00,
adaniport vs nifty50,,0,,0.00,
add all nifty50 in zerodha,,0,,0.00,
all stocks listed on nifty50,,0,,0.00,
all the nifty50 shares share holdin,,0,,0.00,
alphavantage nifty50,,0,,0.00,
ami quote tickers for nifty50,,0,,0.00,
atr of nifty50,,0,,0.00,
august 2019 nifty50 excel,,0,,0.00,
auto nifty vs nifty50 returns,,0,,0.00,
average price chart of nifty50,,0,,0.00,
banking nifty50,,0,,0.00,
bearish stock in nifty50 in a week,,0,,0.00,
best stick of nifty50,,0,,0.00,
best stock for next 1 year nifty50,,0,,0.00,
best trading strategies in nifty50,,0,,0.00,
best valuation among nifty50,,0,,0.00,
beta of nifty50 stocks,,0,,0.00,
bita value list nifty50,,0,,0.00,
blog.sanasecurities nifty50,,0,,0.00,
bse nifty50 options call puts,,0,,0.00,
buying nifty50,,0,,0.00,
buying nifty50 basket,,0,,0.00,
cache http money99.org nifty50-excel,,0,,0.00,
can we cash buy nifty50,,0,,0.00,
candyl chart for nifty50,,0,,0.00,
century text in nifty50,,0,,0.00,
chart of the day nifty50 stocks,,0,,0.00,
chartink nifty50 scanners,,0,,0.00,
closing prices of nifty50 stocks,,0,,0.00,
cnx nifty50,,0,,0.00,
companies in nifty50,,0,,0.00,
companies in nifty50 which are not in bse,,0,,0.00,
companies which are in nifty50 can they be in nse,,0,,0.00,
component of nifty50 in 2000,,0,,0.00,
correlation between nifty50 & sgx nifty,,0,,0.00,
criterion of companies enlisted in nifty50,,0,,0.00,
crudeoil effect on nifty50,,0,,0.00,
current nifty50 news,,0,,0.00,
depth chart of nifty50,,0,,0.00,
diff between nifty50 and sensex 100,,0,,0.00,
diff between nifty50 nifty100 nifty200,,0,,0.00,
difference between midcap 50 and midcap 150 in nifty50,,0,,0.00,
difference between niftybees and nifty50 etf,,0,,0.00,
difference in nifty50 and niftybees,,0,,0.00,
dividend growth nifty50 yearwise,,0,,0.00,
dividend growth rate nifty50 last 5 years,,0,,0.00,
dividend yield for nifty50,,0,,0.00,
dividend yield for nifty50 last 5 years,,0,,0.00,
dividends nifty50 for quarter 3,,0,,0.00,
download nifty50 all stocks 3 months data,,0,,0.00,
dynamic p e index an nifty50,,0,,0.00,
edelwise nseindia nifty50 top gainers and losers,,0,,0.00,
elliott wave nifty50,,0,,0.00,
est chart website for nifty50,,0,,0.00,
etf nifty50 funds,,0,,0.00,
expected retun for nifty50,,0,,0.00,
expiry 20 june nifty50 option chain,,0,,0.00,
fall of nifty50 in 2018,,0,,0.00,
fatafat nifty50,,0,,0.00,
fmcg companies part of nifty50,,0,,0.00,
forcast of nifty50,,0,,0.00,
future value of nifty50,,0,,0.00,
gap in nifty future and nifty50,,0,,0.00,
google nifty50,,0,,0.00,
graf for nifty50,,0,,0.00,
graph comparison of bank nifty with nifty50,,0,,0.00,
hdfc sip tax saver vs index fund nifty50,,0,,0.00,
heat map nifty50,,0,,0.00,
heat map of nifty50 stocks,,0,,0.00,
heavy weight stock in nifty50,,0,,0.00,
heavy weights in nifty50,,0,,0.00,
highest delivery shares in nifty50,,0,,0.00,
hindusthan uni liver share price nifty50 price,,0,,0.00,
histirical nifty50 index,,0,,0.00,
historic data of market capitalization of nifty50 companies,,0,,0.00,
historic data of nifty50,,0,,0.00,
historical data nifty50,,0,,0.00,
historical data of nifty50,,0,,0.00,
historical expiry data nifty50 options,,0,,0.00,
history & growth of nifty50,,0,,0.00,
hoq to buy shares of nifty50,,0,,0.00,
hourly gainers nifty50,,0,,0.00,
hourly loosers in nifty50,,0,,0.00,
hourly losser nifty50,,0,,0.00,
how are stocks included in nifty50,,0,,0.00,
how can i choose a company in nifty50,,0,,0.00,
how can i choose a company in nifty50 which,,0,,0.00,
how does a stock get into nifty50,,0,,0.00,
how gdp affect nifty50,,0,,0.00,
how get nifty50 chart in zerodha kite,,0,,0.00,
how good is sbi nifty50,,0,,0.00,
how is pivot point calculator useful for nifty50,,0,,0.00,
how much i should invest for one share in nifty50,,0,,0.00,
how much is 1point nifty50 is,,0,,0.00,
how much nifty50 will fall,,0,,0.00,
how much profit is 1point nifty50 is,,0,,0.00,
how nse calculate eps and pe of nifty50,,0,,0.00,
how safe is it to invest in nifty50,,0,,0.00,
how to add nifty50 script in sharekhan,,0,,0.00,
how to buy nifty50 derivatives,,0,,0.00,
how to buy nifty50 etf,,0,,0.00,
how to calculate nifty50,,0,,0.00,
how to do option trading of nifty50 in zerodha,,0,,0.00,
how to find best stock for next 1 year nifty50,,0,,0.00,
how to get full nse historical data of nifty50,,0,,0.00,
how to get nifty50 rates yesterday,,0,,0.00,
how to import nifty50 stocks in trade tiger,,0,,0.00,
how to import nifty50 stocks list in zerodha pi,,0,,0.00,
how to invedt in nifty and nifty50 thru sip,,0,,0.00,
how to invest in nifty50 dirctly,,0,,0.00,
how to know option contract name in nifty50,,0,,0.00,
how to look for nifty50 chart in kite,,0,,0.00,
how to open nifty50 chart on amiboker,,0,,0.00,
how to order nifty50,,0,,0.00,
how to pin nifty50 to favourite scrip,,0,,0.00,
how to trade in nifty50,,0,,0.00,
how to trade in nifty50 pr 2x leverage,,0,,0.00,
how to trade nifty50 in longterm,,0,,0.00,
how to trade nifty50 index,,0,,0.00,
how we cant rade in nifty50,,0,,0.00,
http www pivottrading co in pages nifty50 php,,0,,0.00,
http www.pivottrading.co.in pages nifty50.php mahindra and mahindra,,0,,0.00,
https chartink.com screener hourly-gainers-nifty50,,0,,0.00,
https www.moneyworks4me.com best-index nse-socks top-nifty50-companies-list,,0,,0.00,
icici next nifty50 fund,,0,,0.00,
icici pru.nifty50,,0,,0.00,
icici prudential focussed bluechip with nifty50,,0,,0.00,
idea cellular out of nifty50,,0,,0.00,
idea out of nifty50,,0,,0.00,
implied volatility of nifty50,,0,,0.00,
in how much price can nifty50 option call,,0,,0.00,
index symbol for nifty50,,0,,0.00,
india cnx nifty50,,0,,0.00,
indiabulls mutual fund indiabulls nifty50 exchange traded fund,,0,,0.00,
indiabulls nifty50 exchange traded fund value research,,0,,0.00,
indian stock on nifty50,,0,,0.00,
infibeam nifty50,,0,,0.00,
investing in nifty50,,0,,0.00,
investing nifty50,,0,,0.00,
investing.com historical prices of nifty50 on monthly basis,,0,,0.00,
investing.com nifty50,,0,,0.00,
investing.com nifty50 chart,,0,,0.00,
iocl in nifty50 index,,0,,0.00,
is bajaj fiance part opf nifty50,,0,,0.00,
is colpal a nifty50 stock,,0,,0.00,
is eicher motors in nifty50,,0,,0.00,
is it good to invest in nifty50,,0,,0.00,
is larsen and toubro not in nifty50,,0,,0.00,
is mothersumi is in nifty50,,0,,0.00,
is nifty50 closed today,,0,,0.00,
is nifty50 overvalued,,0,,0.00,
is tcs good in nifty50 to invest,,0,,0.00,
is wockpharma nifty50 stock,,0,,0.00,
keralainvestor nifty50,,0,,0.00,
kotak nifty50,,0,,0.00,
last 12 year historyof nifty50 monthly,,0,,0.00,
last 5 years highest bonus dividend stocks in nifty50,,0,,0.00,
line nifty50 index to amibroker,,0,,0.00,
list of companies in nifty50,,0,,0.00,
list of companies in nifty50 and bse30,,0,,0.00,
list of companies in nifty50 pdf,,0,,0.00,
list of nifty50 group stocks in nse in pdf,,0,,0.00,
list of stocks in nifty50 in 1999,,0,,0.00,
list of stocks in nifty50 with weights,,0,,0.00,
listed share in nifty50,,0,,0.00,
live nifty50,,0,,0.00,
live nifty50 index,,0,,0.00,
live price of nifty50,,0,,0.00,
liveindexwatch-nse-nifty50,,0,,0.00,
low pe nifty50 shares,,0,,0.00,
maket map nifty50,,0,,0.00,
margin required to buy 1 lot of nifty50,,0,,0.00,
max pain chart nifty50,,0,,0.00,
mcx nifty50,,0,,0.00,
minimum lot size of nifty50 for f & o,,0,,0.00,
mirae nifty50 2x leverage etf,,0,,0.00,
monday what predication about nifty50,,0,,0.00,
money control nifty50,,0,,0.00,
moneycontrol com nifty50 live,,0,,0.00,
moneycontrol nifty50 arbitrage,,0,,0.00,
moneycontrol sbi etf nifty50,,0,,0.00,
monthly double top bottom nifty50 scanner,,0,,0.00,
monthly double top bottom nifty50 technical stock scanner,,0,,0.00,
most down nifty50 stocks in 2019 india,,0,,0.00,
most recommended nifty50 shares,,0,,0.00,
most voletailstocks in nifty50,,0,,0.00,
mothersonsumi nifty50,,0,,0.00,
munafa value of nifty50 11900,,0,,0.00,
mutual fund linked to nifty50,,0,,0.00,
nav dspbr nifty50 mutual fund,,0,,0.00,
nest trader cde_fo nifty50,,0,,0.00,
nifty 50 p e ratiofor nifty50,,0,,0.00,
nifty 50 stock list with wightage nifty50,,0,,0.00,
nifty pharma vs nifty50,,0,,0.00,
nifty50 1 february 2019 chart,,0,,0.00,
nifty50 10000 pe 29 aug,,0,,0.00,
nifty50 1x inverse,,0,,0.00,
nifty50 2005 returns,,0,,0.00,
nifty50 2012 topresent,,0,,0.00,
nifty50 52 weeks low,,0,,0.00,
nifty50 5th oct 2012,,0,,0.00,
nifty50 9n,,0,,0.00,
nifty50 addition and deletion,,0,,0.00,
nifty50 analysis,,0,,0.16,
nifty50 and sensex price not visible in zerodha kite problem,,0,,0.00,
nifty50 bank,,0,,0.00,
nifty50 bank today,,0,,0.00,
nifty50 best intraday stocks,,0,,0.00,
nifty50 bhel,,0,,0.00,
nifty50 breakout stock screener,,0,,0.00,
nifty50 cagr,,0,,0.00,
nifty50 candlestick chart,,0,,0.00,
nifty50 ce,,0,,0.00,
nifty50 chart investing,,0,,0.00,
nifty50 chart on zerodha pi,,0,,0.00,
nifty50 chart with all indicator,,0,,0.00,
nifty50 chartink,,0,,0.00,
nifty50 close price,,0,,0.00,
nifty50 closing of 7th august bse,,0,,0.00,
nifty50 closing on 18th april 2019,,0,,0.00,
nifty50 comapanies,,0,,0.00,
nifty50 companies list,,0,,0.00,
nifty50 companies list from 2011 to 2017,,0,,0.00,
nifty50 companies logos,,0,,0.00,
nifty50 companies weightage,,0,,0.00,
nifty50 companies with current price,,0,,0.00,
nifty50 companis,,0,,0.00,
nifty50 company manipulation,,0,,0.00,
nifty50 company result 2018,,0,,0.00,
nifty50 compnaies 30 daysmoving average,,0,,0.00,
nifty50 compnaies expected return,,0,,0.00,
nifty50 compnaies macd,,0,,0.00,
nifty50 compnaies moving average,,0,,0.00,
nifty50 compnaies put-call ratio,,0,,0.00,
nifty50 compnent changes,,0,,0.00,
nifty50 coumpir to bank nifty,,0,,0.00,
nifty50 csv file,,0,,0.00,
nifty50 csv file downlode,,0,,0.00,
nifty50 current companies,,0,,0.00,
nifty50 current pe,,0,,0.00,
nifty50 curves,,0,,0.00,
nifty50 daily open high low close details,,0,,0.00,
nifty50 daily pivot point shubh laxmi,,0,,0.00,
nifty50 daily volatility,,0,,0.00,
nifty50 daily volatity scanner,,0,,0.00,
nifty50 daily volatity scanners,,0,,0.00,
nifty50 debenture,,0,,0.00,
nifty50 dec 10250ce,,0,,0.00,
nifty50 delivery percentage screener,,0,,0.00,
nifty50 div point meaning,,0,,0.00,
nifty50 down,,0,,0.00,
nifty50 down in 2008 percentage,,0,,0.00,
nifty50 eights,,0,,0.00,
nifty50 end of the day,,0,,0.00,
nifty50 eql wgt,,0,,0.00,
nifty50 factsheet nse,,0,,0.00,
nifty50 first derivative trading date,,0,,0.00,
nifty50 first trade date,,0,,0.00,
nifty50 first trading date,,0,,0.00,
nifty50 fiture chart,,0,,0.00,
nifty50 free live,,0,,0.00,
nifty50 free tis tomorrow,,0,,0.00,
nifty50 fundamental strong close,,0,,0.00,
nifty50 future discussion forum,,0,,0.00,
nifty50 future lot margin,,0,,0.00,
nifty50 future quotes,,0,,0.00,
nifty50 futures in.investing,,0,,0.00,
nifty50 futures investing,,0,,0.00,
nifty50 futures tick value,,0,,0.00,
nifty50 fy18 returns,,0,,0.00,
nifty50 gainer looser,,0,,0.00,
nifty50 growth stocks,,0,,0.00,
nifty50 heatmap.xls,,0,,0.00,
nifty50 high today,,0,,0.00,
nifty50 high weihthage stocks list,,0,,0.00,
nifty50 historic delivery percentage,,0,,0.00,
nifty50 historical data from 1994,,0,,0.00,
nifty50 historical delivery percentage,,0,,0.00,
nifty50 historical pe ratio,,0,,0.00,
nifty50 historical scripts change,,0,,0.00,
nifty50 history data,,0,,0.00,
nifty50 hourly gainers,,0,,0.00,
nifty50 ichimoku cloud value,,0,,0.00,
nifty50 image,,0,,0.00,
nifty50 in etf,,0,,0.00,
nifty50 included stocks,,0,,0.00,
nifty50 index addition and deletion,,0,,0.00,
nifty50 index chart,,0,,0.00,
nifty50 index chart 3 minutes,,0,,0.00,
nifty50 index first trade date,,0,,0.00,
nifty50 index fund rrturn from 2000,,0,,0.00,
nifty50 index funds valueresearchonline,,0,,0.00,
nifty50 index has increased in the past years,,0,,0.00,
nifty50 index launch date,,0,,0.00,
nifty50 index lowest market cap,,0,,0.00,
nifty50 indice,,0,,0.00,
nifty50 intraday target,,0,,0.00,
nifty50 intraday trading channel,,0,,0.00,
nifty50 invest method and benefits,,0,,0.00,
nifty50 investing chart,,0,,0.00,
nifty50 keywords,,0,,0.00,
nifty50 khan academy,,0,,0.00,
nifty50 large cap bluechip stock list,,0,,0.00,
nifty50 last 1 year high low all shares,,0,,0.00,
nifty50 leverage,,0,,0.00,
nifty50 lgo,,0,,0.00,
nifty50 life,,0,,0.00,
nifty50 linked debentures,,0,,0.00,
nifty50 list nseindia,,0,,0.00,
nifty50 list with sector,,0,,0.00,
nifty50 live 1 minute,,0,,0.00,
nifty50 live 1 minute chart,,0,,0.00,
nifty50 live excel sheet,,0,,0.00,
nifty50 live signal,,0,,0.00,
nifty50 live signal youtube,,0,,0.00,
nifty50 live watch,,0,,0.00,
nifty50 loss stocks,,0,,0.00,
nifty50 lot size,,0,,0.00,
nifty50 macd value,,0,,0.00,
nifty50 main shares,,0,,0.00,
nifty50 major falls,,0,,0.00,
nifty50 mar 8600 pe,,0,,0.00,
nifty50 margin intraday,,0,,0.00,
nifty50 market best popular blog community in india,,0,,0.00,
nifty50 market top 20 popular blogs community list in india,,0,,0.00,
nifty50 market watch,,0,,0.00,
nifty50 meaning,,0,,0.00,
nifty50 means,,0,,0.00,
nifty50 moneycontrol4,,0,,0.00,
nifty50 munafasutar,,0,,0.00,
nifty50 near low,,0,,0.00,
nifty50 near to support list,,0,,0.00,
nifty50 news witter,,0,,0.00,
nifty50 november call price,,0,,0.00,
nifty50 nse india csv,,0,,0.00,
nifty50 nseindia,,0,,0.00,
nifty50 of 2011,,0,,0.00,
nifty50 of india graph,,0,,0.00,
nifty50 oi,,0,,0.00,
nifty50 on 05.11.18,,0,,0.00,
nifty50 on 15 november 2017,,0,,0.00,
nifty50 on 22jan19,,0,,0.00,
nifty50 on e signal,,0,,0.00,
nifty50 on munafasutar,,0,,0.00,
nifty50 open high low exel sheet online,,0,,0.00,
nifty50 open interest increase today,,0,,0.00,
nifty50 open intrest,,0,,0.00,
nifty50 open intrest chart,,0,,0.00,
nifty50 open price for allstock,,0,,0.00,
nifty50 option chain trading 18 june,,0,,0.00,
nifty50 option trading in zerodha,,0,,0.00,
nifty50 option weekly expiry time,,0,,0.00,
nifty50 options 10150 ce price,,0,,0.00,
nifty50 options dec 2018dec to 2019 jan,,0,,0.00,
nifty50 options geek,,0,,0.00,
nifty50 options iv live chart,,0,,0.00,
nifty50 oversold stocks,,0,,0.00,
nifty50 pb,,0,,0.00,
nifty50 pe ratio today,,0,,0.00,
nifty50 pe ration,,0,,0.00,
nifty50 pe trend,,0,,0.00,
nifty50 possitive news,,0,,0.00,
nifty50 pr 1x inv meaning,,0,,0.00,
nifty50 pr 2x lev meaning,,0,,0.00,
nifty50 pr 2x leverage index,,0,,0.00,
nifty50 pr 2x leverage index how to buy,,0,,0.00,
nifty50 pr 2x leverage index how to use,,0,,0.00,
nifty50 prices 2 months,,0,,0.00,
nifty50 quote,,0,,0.00,
nifty50 reaction from manapurram insidertraining,,0,,0.00,
nifty50 reaction to us north korea tension,,0,,0.00,
nifty50 reasons,,0,,0.00,
nifty50 results calendar,,0,,0.00,
nifty50 returns,,0,,0.00,
nifty50 returns from 1st july,,0,,0.00,
nifty50 returns from 1st july moneycontrol,,0,,0.00,
nifty50 returns last 10 years,,0,,0.00,
nifty50 returns since inception,,0,,0.00,
nifty50 s top positive contributions during 2018,,0,,0.00,
nifty50 saw 1 addition and 1 deletion,,0,,0.00,
nifty50 sector wise performance historical data,,0,,0.00,
nifty50 sectorwise share,,0,,0.00,
nifty50 sensex charts,,0,,0.00,
nifty50 september future,,0,,0.00,
nifty50 share change,,0,,0.00,
nifty50 share distribution,,0,,0.00,
nifty50 share on 14 may 2014,,0,,0.00,
nifty50 share price money control,,0,,0.00,
nifty50 share price target,,0,,0.00,
nifty50 share prise,,0,,0.00,
nifty50 shares face value,,0,,0.00,
nifty50 shares in the order of decreasing price,,0,,0.00,
nifty50 shares list with face value,,0,,0.00,
nifty50 sher pirce,,0,,0.00,
nifty50 shere waitage,,0,,0.00,
nifty50 silver cross november 2016,,0,,0.00,
nifty50 sip,,0,,0.24,
nifty50 site nseindia.com,,0,,0.00,
nifty50 small cap,,0,,0.00,
nifty50 sotck finder,,0,,0.00,
nifty50 stock heatmap,,0,,0.00,
nifty50 stock list along with percentage,,0,,0.00,
nifty50 stock market advisory,,0,,0.00,
nifty50 stock names,,0,,0.00,
nifty50 stock nse,,0,,0.00,
nifty50 stock on moneycontrol4,,0,,0.00,
nifty50 stock on oneycontrol,,0,,0.00,
nifty50 stock symbols,,0,,0.00,
nifty50 stock todsy,,0,,0.00,
nifty50 stock weightages,,0,,0.00,
nifty50 stocks above 50 ma,,0,,0.00,
nifty50 stocks high and low,,0,,0.00,
nifty50 stocks list with isin,,0,,0.00,
nifty50 stocks name,,0,,0.00,
nifty50 stocks q2 results,,0,,0.00,
nifty50 stocks rsi between 55 and 60,,0,,0.00,
nifty50 stocks today,,0,,0.00,
nifty50 stocks trending flat,,0,,0.00,
nifty50 stocks watcj,,0,,0.00,
nifty50 stocks weightage,,0,,0.00,
nifty50 stocks with beta and r squared data,,0,,0.00,
nifty50 stocks with beta and r squared pdf,,0,,0.00,
nifty50 stocks with high volume,,0,,0.00,
nifty50 stocks with highest dividend yield,,0,,0.00,
nifty50 stocks yahoo download,,0,,0.00,
nifty50 stocks yoy growth percentage,,0,,0.00,
nifty50 stocksput,,0,,0.00,
nifty50 striker,,0,,0.00,
nifty50 support level stocks,,0,,0.00,
nifty50 symbol on zerodha api,,0,,0.00,
nifty50 symbole in getbhavcopy,,0,,0.00,
nifty50 target price today,,0,,0.00,
nifty50 telegram,,0,,0.00,
nifty50 terminal,,0,,0.00,
nifty50 tir,,0,,0.00,
nifty50 today tradingview,,0,,0.00,
nifty50 top 10 stocks 10 years return,,0,,0.00,
nifty50 top 50 share list,,0,,0.00,
nifty50 top best stocks 2018,,0,,0.00,
nifty50 top best stocks2018,,0,,0.00,
nifty50 top constitution,,0,,0.00,
nifty50 top position,,0,,0.00,
nifty50 tr,,0,,0.00,
nifty50 tr 1x inv meaning,,0,,0.00,
nifty50 tr 2x lev,,0,,0.00,
nifty50 tr 2x lev meaning,,0,,0.00,
nifty50 trading 18 june,,0,,0.00,
nifty50 trend this week expiry date,,0,,0.00,
nifty50 uses,,0,,0.00,
nifty50 value 20 index,,0,,0.00,
nifty50 value 20 meaning,,0,,0.00,
nifty50 value 20 tri,,0,,0.00,
nifty50 value in 2001,,0,,0.00,
nifty50 veiw,,0,,0.00,
nifty50 vs nifty midcap historical data comparison,,0,,0.00,
nifty50 vs nifty midcap100 historical data comparison,,0,,0.00,
nifty50 vs nifty midcap100 historical data divergence,,0,,0.00,
nifty50 vs nifty midcap100 historical data performance,,0,,0.00,
nifty50 vs nifty midcap100 historical data performance divergence,,0,,0.00,
nifty50 vs nv20,,0,,0.00,
nifty50 was in 2005,,0,,0.00,
nifty50 weekly losers,,0,,0.00,
nifty50 weekly pivot point,,0,,0.00,
nifty50 weekly topers losers,,0,,0.00,
nifty50 weightage,,0,,0.00,
nifty50 whare trend,,0,,0.00,
nifty50 what is,,0,,0.00,
nifty50 wiki,,0,,0.00,
nifty50 xls,,0,,0.00,
nifty50 yahoo finance,,0,,0.00,
nifty50-4,,0,,0.00,
nifty50-open,,0,,0.00,
nifty50.csv,,0,,0.00,
nifty50_feb2017.zip,,0,,0.00,
nifty50_jan2017.zip,,0,,0.00,
nifty50_value_20,,0,,0.00,
nifty50_value_20 stock list,,0,,0.00,
niftybees vs sbi nifty50,,0,,0.00,
no of public holding shares of nifty50 stocks,,0,,0.00,
nse bulk deals nifty50,,0,,0.00,
nse highest volume nifty50 shares,,0,,0.00,
nse india nifty50 options list in india today,,0,,0.00,
nse nifty50 chart,,0,,0.00,
nse nifty50 data,,0,,0.00,
nse nifty50 delivery,,0,,0.00,
nse nifty50 history chart,,0,,0.00,
nse nifty50 ieod data,,0,,0.00,
nse nifty50 stocks list,,0,,0.00,
nse nifty50 symbol list,,0,,0.00,
nse nifty50 top,,0,,0.00,
nse nifty50 value,,0,,0.00,
nse volatility nifty50,,0,,0.00,
nseindia nifty50,,0,,0.00,
nseindia nifty50 bhavcopy,,0,,0.00,
nseindia nifty50 top gainers and losers,,0,,0.00,
nseindia nifty50 weightage,,0,,0.00,
oldest stock in nifty50,,0,,0.00,
one-year forward earnings of nifty50 is pegged at 17.7 times,,0,,0.00,
open low same stocks today nifty50,,0,,0.00,
option greeks nifty50,,0,,0.00,
p e ratio of all companies of nifty50,,0,,0.00,
panel data regression on nifty50,,0,,0.00,
panel data regression on nifty50 pdf,,0,,0.00,
pc jewellers is a nifty50 stock or not,,0,,0.00,
pharma stocks in nifty50,,0,,0.00,
pidilite exits nifty50,,0,,0.00,
pivottrading nifty50,,0,,0.00,
pivottrading pages nifty50.php,,0,,0.00,
pivottrading.co.in pages nifty50.php,,0,,0.00,
practice account for nifty50,,0,,0.00,
price earning ratio of nifty50,,0,,0.00,
price of nifty50,,0,,0.00,
quarterly results of nifty50,,0,,0.00,
ranbaxy code in nifty50,,0,,0.00,
relation between nifty50 and its share,,0,,0.00,
reliance nifty50,,0,,0.00,
renco charts nifty50,,0,,0.00,
resion behind historical high of sunsex and nifty50,,0,,0.00,
resistance levels and support levels in nifty50,,0,,0.00,
return of nifty50 index since inception valueresearchonline,,0,,0.00,
return of nifty50 since incetion,,0,,0.00,
return on capital of nifty50 companies,,0,,0.00,
rsi below 20 stocks in nifty50,,0,,0.00,
rsi below 30 in nifty50,,0,,0.00,
rsi screener nifty50,,0,,0.00,
sbi etf nifty50,,0,,0.00,
sbi etf nifty50 stock,,0,,0.00,
sbi nifty50,,0,,0.00,
scrip symbol of nifty50,,0,,0.00,
sector wise list of nifty50,,0,,0.00,
sector wise share in nifty50,,0,,0.00,
select only nifty50 excel formula,,0,,0.00,
share nifty50,,0,,0.00,
similarities between sgx and nifty50,,0,,0.00,
simulator games for nifty50,,0,,0.00,
singapore nifty50,,0,,0.00,
sip large cap nifty50 sensex,,0,,0.00,
sticks in nifty50,,0,,0.00,
stock price of nifty50,,0,,0.00,
stocks in bearish trend in nifty50,,0,,0.00,
stocks listed in nifty50,,0,,0.00,
stocks of nifty50 in 2000,,0,,0.00,
stocks of nifty50 in 2001,,0,,0.00,
stocks of nifty50 on which zerodha gives 27.8x margin,,0,,0.00,
stocks on nifty50,,0,,0.00,
stocks under nifty50,,0,,0.00,
stocks with high rsi in nifty50,,0,,0.00,
taiwan index vs nifty50,,0,,0.00,
tecanical on nifty50,,0,,0.00,
technical analysis of nifty50,,0,,0.00,
ticker fot nifty50,,0,,0.00,
ticker of nifty50,,0,,0.00,
titan listing date to nifty50,,0,,0.00,
titan removed from nifty50,,0,,0.00,
today nifty50 prodcast,,0,,0.00,
today s nifty50,,0,,0.00,
today's nifty50 starting rate,,0,,0.00,
todays nifty50 graph,,0,,0.00,
top 10 contbitter in nifty50,,0,,0.00,
top 10 highly liquid stocks in nifty50,,0,,0.00,
top 10 nifty50 companies along with their weightages,,0,,0.00,
top 10 nifty50 stock,,0,,0.00,
top 5 companies of nifty50,,0,,0.00,
top gainers and top losers nifty50,,0,,0.00,
top losers in nifty50,,0,,0.00,
top stocks in nifty50,,0,,0.00,
trade nifty50 intraday,,0,,0.00,
trading view nifty50,,0,,0.00,
tradingview nifty50,,0,,0.00,
uptrending stocks of nifty50,,0,,0.00,
usdinr effect on nifty50,,0,,0.00,
value stock in nifty50,,0,,0.00,
volume shockers in nifty50 in may 2018,,0,,0.00,
was educomp nifty50 share,,0,,0.00,
weekly gainers nse nifty50,,0,,0.00,
weightage in nifty50,,0,,0.00,
weightage nifty50,,0,,0.00,
weighting of nifty50,,0,,0.00,
what are the shares in nifty50,,0,,0.00,
what is bettet investment nifty50 or nv20,,0,,0.00,
what is nifty50 eql wgt,,0,,0.00,
what is nifty50 in stock market,,0,,0.00,
what is nifty50 means,,0,,0.00,
what is nifty50 member scorecard,,0,,0.00,
what is the change in nifty50,,0,,0.00,
what is the news about nifty50,,0,,0.00,
what is the nifty50,,0,,0.00,
what is the use of nifty50 pr 2x lev,,0,,0.00,
what is the weightage of companies in nifty50,,0,,0.00,
what isdaily move average of nifty50,,0,,0.00,
what option value in hdfc bank in nifty50,,0,,0.00,
when did hul got listed in nifty50,,0,,0.00,
when was nifty50 established,,0,,0.00,
which company will replace hpcl on nifty50 in stock reshuffle,,0,,0.00,
which is best nifty50 or nifty 100,,0,,0.00,
which is more volatile bank nifty or nifty50,,0,,0.00,
which sector is closely correlated to nifty50,,0,,0.00,
which side nifty50 will go,,0,,0.00,
which stocks under 20 p e ratio in nifty50,,0,,0.00,
why india bulls housing went out of nifty50,,0,,0.00,
why large caps have not performed vs nifty50,,0,,0.00,
why nifty50 has 51 companies,,0,,0.00,
why nifty50 is less volatile than senxex,,0,,0.00,
why no nifty50 data between 2009 to 2013,,0,,0.00,
why sensex is more volatile than nifty50,,0,,0.00,
wordpress nifty50 playing,,0,,0.00,
www.investing.com nifty50,,0,,0.00,
yahoo finance nifty50 symbols,,0,,0.00,
yahoo nifty50,,0,,0.00,
yes bank nifty50 weight,,0,,0.00,
